group,stage,interaction_range,sample_size,model,ndcg10,precision10,recall10,mrr,hit_rate
"Group A (0 interactions)",0,"0 interactions (pure cold-start)",4,popularity,0.5711,0.225,0.75,0.625,1
"Group A (0 interactions)",0,"0 interactions (pure cold-start)",4,content_based,0.5811,0.225,0.75,0.675,1
"Group A (0 interactions)",0,"0 interactions (pure cold-start)",4,collaborative,0.5811,0.225,0.75,0.675,1
"Group A (0 interactions)",0,"0 interactions (pure cold-start)",4,static_hybrid,0.5711,0.225,0.75,0.625,1
"Group A (0 interactions)",0,"0 interactions (pure cold-start)",4,session_based,0.5811,0.225,0.75,0.675,1
"Group A (0 interactions)",0,"0 interactions (pure cold-start)",4,sasher_adaptive,0.5711,0.225,0.75,0.625,1
"Group B (1 interaction)",1,"1 interaction (first-touch)",4,popularity,0.323,0.175,0.5833,0.2833,1
"Group B (1 interaction)",1,"1 interaction (first-touch)",4,content_based,0.2256,0.125,0.4167,0.2,0.75
"Group B (1 interaction)",1,"1 interaction (first-touch)",4,collaborative,0.2862,0.175,0.5833,0.1653,1
"Group B (1 interaction)",1,"1 interaction (first-touch)",4,static_hybrid,0.2637,0.15,0.5,0.1563,0.75
"Group B (1 interaction)",1,"1 interaction (first-touch)",4,session_based,0.185,0.1,0.3333,0.1528,0.5
"Group B (1 interaction)",1,"1 interaction (first-touch)",4,sasher_adaptive,0.2584,0.15,0.5,0.169,0.75
"Group C (2-4 interactions)",2,"2–4 interactions (early session)",3,popularity,0.2266,0.1,0.3333,0.2333,0.6667
"Group C (2-4 interactions)",2,"2–4 interactions (early session)",3,content_based,0.1253,0.0667,0.2222,0.1481,0.6667
"Group C (2-4 interactions)",2,"2–4 interactions (early session)",3,collaborative,0.2737,0.1333,0.4444,0.3167,1
"Group C (2-4 interactions)",2,"2–4 interactions (early session)",3,static_hybrid,0.2723,0.1667,0.5556,0.1833,1
"Group C (2-4 interactions)",2,"2–4 interactions (early session)",3,session_based,0.1797,0.1,0.3333,0.1587,0.6667
"Group C (2-4 interactions)",2,"2–4 interactions (early session)",3,sasher_adaptive,0.2154,0.1333,0.4444,0.1389,0.6667
"Group D (5+ interactions)",3,"5+ interactions (mature context)",2,popularity,0.0836,0.05,0.1667,0.0833,0.5
"Group D (5+ interactions)",3,"5+ interactions (mature context)",2,content_based,0.074,0.05,0.1667,0.0625,0.5
"Group D (5+ interactions)",3,"5+ interactions (mature context)",2,collaborative,0.188,0.1,0.3333,0.2222,1
"Group D (5+ interactions)",3,"5+ interactions (mature context)",2,static_hybrid,0.1173,0.05,0.1667,0.1667,0.5
"Group D (5+ interactions)",3,"5+ interactions (mature context)",2,session_based,0.2346,0.05,0.1667,0.5,0.5
"Group D (5+ interactions)",3,"5+ interactions (mature context)",2,sasher_adaptive,0.2346,0.05,0.1667,0.5,0.5
