user_id,session_id,product_id,event_type,dwell_ms,timestamp,split
user-active-01,sess-201,prod-01,view,1200,1711610100000,train
user-active-01,sess-201,prod-01,click,0,1711610150000,train
user-active-01,sess-201,prod-01,wishlist,0,1711610220000,train
user-active-01,sess-201,prod-07,view,2400,1711610300000,train
user-active-01,sess-201,prod-07,cart,0,1711610400000,train
user-active-01,sess-201,prod-11,view,3200,1711610600000,train
user-active-01,sess-201,prod-11,purchase,0,1711610800000,train
user-active-02,sess-202,prod-06,view,1800,1711612100000,train
user-active-02,sess-202,prod-06,click,0,1711612180000,train
user-active-02,sess-202,prod-06,wishlist,0,1711612250000,train
user-active-02,sess-202,prod-12,view,2100,1711612400000,train
user-active-02,sess-202,prod-12,cart,0,1711612500000,train
user-active-02,sess-202,prod-09,view,1500,1711612700000,train
user-active-03,sess-203,prod-03,view,1900,1711614100000,train
user-active-03,sess-203,prod-03,click,0,1711614180000,train
user-active-03,sess-203,prod-03,purchase,0,1711614300000,train
user-active-03,sess-203,prod-02,view,2200,1711614500000,train
user-active-03,sess-203,prod-02,wishlist,0,1711614600000,train
user-active-03,sess-203,prod-13,view,1400,1711614800000,train
user-active-04,sess-204,prod-05,view,1100,1711616100000,train
user-active-04,sess-204,prod-05,click,0,1711616200000,train
user-active-04,sess-204,prod-14,view,1600,1711616350000,train
user-active-04,sess-204,prod-14,cart,0,1711616450000,train
user-active-04,sess-204,prod-08,view,2800,1711616600000,train
user-active-04,sess-204,prod-08,purchase,0,1711616800000,train
user-active-05,sess-205,prod-04,view,1900,1711618100000,train
user-active-05,sess-205,prod-04,wishlist,0,1711618200000,train
user-active-05,sess-205,prod-10,view,2500,1711618400000,train
user-active-05,sess-205,prod-10,cart,0,1711618550000,train
user-active-05,sess-205,prod-01,view,3100,1711618800000,train
user-warm-01,sess-101,prod-01,view,1500,1711600100000,train
user-warm-01,sess-101,prod-01,click,0,1711600180000,train
user-warm-01,sess-101,prod-03,view,1800,1711600250000,train
user-warm-02,sess-102,prod-06,view,1400,1711601100000,train
user-warm-02,sess-102,prod-09,view,2000,1711601250000,train
user-warm-02,sess-102,prod-09,wishlist,0,1711601350000,train
user-warm-03,sess-103,prod-05,view,1200,1711602100000,train
user-warm-03,sess-103,prod-05,click,0,1711602200000,train
user-warm-03,sess-103,prod-15,view,1600,1711602350000,train
user-warm-03,sess-103,prod-15,cart,0,1711602480000,train
user-cold-02,sess-301,prod-01,view,1400,1711625050000,test
user-active-01,sess-201,prod-13,wishlist,0,1711621000000,test
user-active-01,sess-201,prod-13,cart,0,1711621200000,test
user-active-02,sess-202,prod-10,purchase,0,1711622000000,test
user-active-03,sess-203,prod-07,cart,0,1711623000000,test
user-active-04,sess-204,prod-15,purchase,0,1711624000000,test
user-warm-01,sess-101,prod-07,wishlist,0,1711620500000,test
user-warm-02,sess-102,prod-12,purchase,0,1711621500000,test
