product_id,title,brand,category,subcategory,description,price,discount,color,size,material,style,occasion,season,image_url,is_cold_start
prod-01,Oversized Double-Breasted Wool Coat,Atelier Noir,Outerwear,Coats,Architectural drape structured Italian melton wool overcoat with horn buttons,18999,15,Black,S;M;L;XL,100% Melton Wool,Tailored,Formal,Winter,https://images.unsplash.com/photo-1539533018447-63fcce667883?auto=format&fit=crop&w=800&q=80,false
prod-02,Handcrafted Chanderi Silk Kurta Set,FabIndia Heritage,Tailoring,Ethnic Kurtas,Pure Chanderi silk kurta with hand block prints and churidar trousers,4599,20,Emerald Green,M;L;XL,Pure Chanderi Silk,Traditional,Festive,Festive,https://images.unsplash.com/photo-1610030469983-98e550d6193c?auto=format&fit=crop&w=800&q=80,false
prod-03,Raw Silk Heritage Bandhgala Jacket,Manyavar Royal,Tailoring,Sherwanis & Bandhgalas,Structured mandarin collar bandhgala jacket tailored from Banarasi raw silk,12499,10,Midnight Blue,38;40;42;44,Banarasi Raw Silk,Traditional,Wedding,Festive,https://images.unsplash.com/photo-1594938298603-c8148c4dae35?auto=format&fit=crop&w=800&q=80,false
prod-04,Fine Merino Wool Ribbed Turtleneck,Raymond Reserve,Knitwear,Sweaters,Extrafine Italian spun merino wool knit offering lightweight insulation,5499,12,Charcoal Grey,S;M;L,100% Extra-fine Merino,Minimalist,Casual,Winter,https://images.unsplash.com/photo-1620799140408-edc6dcb6d633?auto=format&fit=crop&w=800&q=80,false
prod-05,Architectural Linen Overshirt,Roadster Reserve,Tops,Casual Shirts,Breathable organic Kerala spun linen relaxed silhouette with flap pockets,2499,25,Earthy Sand,M;L;XL,100% Organic Linen,Casual,College,Summer,https://images.unsplash.com/photo-1596755094514-f87e34085b2c?auto=format&fit=crop&w=800&q=80,false
prod-06,Hand-Woven Tussar Silk Saree,Sabyasachi Atelier,Dresses,Sarees,Masterpiece handwoven Tussar silk saree featuring antique zari border work,34999,0,Crimson Gold,Free Size,Tussar Silk & Zari,Traditional,Wedding,Festive,https://images.unsplash.com/photo-1617627143750-d86bc21e42bb?auto=format&fit=crop&w=800&q=80,false
prod-07,Pleated Wide-Leg Wool Trousers,Atelier Noir,Trousers,Trousers,High-waisted architectural trousers featuring front pleats and fluid drape,7999,15,Oatmeal Beige,30;32;34;36,Wool Blend,Architectural,Formal,All-Season,https://images.unsplash.com/photo-1509631179647-0177331693ae?auto=format&fit=crop&w=800&q=80,false
prod-08,Minimalist Napa Leather Low-Top Sneakers,Peter England Studio,Footwear,Sneakers,Clean silhouette artisanal low-top sneaker in full-grain white calf leather,3999,30,Optic White,7;8;9;10,Full-Grain Napa Leather,Minimalist,Casual,All-Season,https://images.unsplash.com/photo-1549298916-b41d501d3772?auto=format&fit=crop&w=800&q=80,false
prod-09,Handcrafted Zari Mojri Loafers,Raw Mango,Footwear,Ethnic Footwear,Vegetable tanned leather jutti hand-embroidered with antique golden zardozi,4999,10,Muted Gold,7;8;9;10,Leather & Zardozi,Traditional,Festive,Festive,https://images.unsplash.com/photo-1543163521-1bf539c55dd2?auto=format&fit=crop&w=800&q=80,false
prod-10,Heritage Pashmina Embroidered Shawl,FabIndia Heritage,Accessories,Shawls & Stoles,Authentic hand-loomed Kashmiri Pashmina with delicate Sozni embroidery,16999,5,Natural Ivory,Free Size,100% Pure Pashmina,Traditional,Festive,Winter,https://images.unsplash.com/photo-1608256246200-53e635b5b65f?auto=format&fit=crop&w=800&q=80,false
prod-11,The Imperial Cashmere Atelier Trench,Atelier Noir,Outerwear,Signature Coats,Hand-woven from 100% Mongolian Cashmere with tailored storm flap and horn buttons,32999,15,Camel Warm Ash,S;M;L;XL,100% Mongolian Cashmere,Architectural,Formal,Winter,https://images.unsplash.com/photo-1544441893-675973e31985?auto=format&fit=crop&w=800&q=80,false
prod-12,Hand-Embroidered Anarkali Kurta Gown,Biba Luxury,Dresses,Ethnic Gowns,Floor length tiered georgette Anarkali gown with intricate Gota Patti embroidery,8999,20,Maroon Ochre,S;M;L,Georgette & Chiffon,Festive,Festive,Festive,https://images.unsplash.com/photo-1583391733956-3750e0ff4e8b?auto=format&fit=crop&w=800&q=80,false
prod-13,Tailored British Tweed Single-Breasted Blazer,Raymond Reserve,Tailoring,Blazers,Crafted from Scottish highland wool tweed with notched lapels and horn buttons,14999,10,Herringbone Moss,38;40;42;44,100% Scottish Tweed,Tailored,Formal,Winter,https://images.unsplash.com/photo-1507679799987-c73779587ccf?auto=format&fit=crop&w=800&q=80,false
prod-14,Relaxed Slub Cotton Popover Shirt,W for Woman,Tops,Casual Shirts,Breezy garment-dyed Indian cotton popover shirt with mother-of-pearl buttons,1899,25,Sky Azure,XS;S;M;L,100% Slub Cotton,Casual,College,Summer,https://images.unsplash.com/photo-1598033129183-c4f50c736f10?auto=format&fit=crop&w=800&q=80,false
prod-15,Structured Gurkha Pleated Chinos,Atelier Noir,Trousers,Chinos,Classic military Gurkha buckle closure tailored in heavy Indian twill cotton,4299,15,Khaki Dust,30;32;34;36,100% Heavy Twill Cotton,Tailored,Casual,All-Season,https://images.unsplash.com/photo-1473966968600-fa801b869a1a?auto=format&fit=crop&w=800&q=80,false
prod-cold-01,Banarasi Katan Silk Brocade Sherwani,Manyavar Royal,Tailoring,Sherwanis & Bandhgalas,Brand new festive launch crafted from master handlooms with gold zari weave,24999,5,Royal Ivory Gold,38;40;42;44,Pure Banarasi Katan Silk,Festive,Wedding,Festive,https://images.unsplash.com/photo-1597983073493-88cd35cf93b0?auto=format&fit=crop&w=800&q=80,true
prod-cold-02,Monsoon Waterproof Technical Mac,Atelier Noir,Outerwear,Coats,Zero-interaction technical stormproof shell coat engineered for Mumbai downpours,11999,10,Matte Obsidian,S;M;L;XL,3-Layer Breathable GORE-TEX,Architectural,Casual,Monsoon,https://images.unsplash.com/photo-1551028719-00167b16eac5?auto=format&fit=crop&w=800&q=80,true
prod-cold-03,Minimalist Vegetable-Tanned Leather Tote,Raw Mango,Accessories,Bags,Seamless unlined Italian vegetable-tanned shoulder tote with raw edge finishing,8499,0,Chestnut Sienna,One Size,Full-Grain Tuscan Vachetta,Minimalist,Casual,All-Season,https://images.unsplash.com/photo-1590874103328-eac38a683ce7?auto=format&fit=crop&w=800&q=80,true
prod-cold-04,Block-Printed Mulberry Silk Angrakha Dress,FabIndia Heritage,Dresses,Ethnic Dresses,Heritage Jaipuri hand block printed wrap angrakha dress with tie tassel cords,5999,15,Indigo Azure,S;M;L,Pure Mulberry Silk,Traditional,Festive,Summer,https://images.unsplash.com/photo-1572804013309-59a88b7e92f1?auto=format&fit=crop&w=800&q=80,true
prod-cold-05,Hand-Welded Goodyear Oxford Loafers,Peter England Studio,Footwear,Dress Shoes,Handcrafted calfskin dress shoes with Goodyear-welted double leather soles,7999,20,Burgundy Cordovan,7;8;9;10,European Calfskin,Tailored,Formal,All-Season,https://images.unsplash.com/photo-1533867617858-e7b97e060509?auto=format&fit=crop&w=800&q=80,true
