session_id,user_id,start_time,end_time,total_events
sess-101,user-warm-01,1711600000000,1711600320000,4
sess-102,user-warm-02,1711601000000,1711601450000,5
sess-103,user-warm-03,1711602000000,1711602600000,6
sess-201,user-active-01,1711610000000,1711611800000,14
sess-202,user-active-02,1711612000000,1711613500000,11
sess-203,user-active-03,1711614000000,1711616000000,16
sess-204,user-active-04,1711616000000,1711617400000,12
sess-205,user-active-05,1711618000000,1711619800000,10
sess-301,user-cold-02,1711625000000,1711625120000,1
